movie,pagerank
Spider-Man: No Way Home,0.006233883981472668
The Batman,0.007319641205066198
No Exit,0.00013723696248856362
Encanto,0.0019476998985771125
The King's Man,0.00013723696248856362
The Commando,0.0009149130832570907
Scream,0.004343255157610723
Kimi,0.00013723696248856362
Fistful of Vengeance,0.0020522436914828805
Eternals,0.0021417241740390443
Pursuit,0.00013723696248856362
My Hero Academia: World Heroes' Mission,0.001109074825916132
Restless,0.00013723696248856362
Nightmare Alley,0.00013723696248856362
The Ice Age Adventures of Buck Wild,0.001260779118006757
Hotel Transylvania: Transformania,0.003953119920186593
Texas Chainsaw Massacre,0.0011698650811633074
The Requin,0.001142908576852268
Looop Lapeta,0.00013723696248856362
Red Notice,0.00013723696248856362
Sing 2,0.0009149130832570907
The Jack in the Box: Awakening,0.00013723696248856362
Venom: Let There Be Carnage,0.0008068153865426694
The Matrix Resurrections,0.0017476816799869524
Resident Evil: Welcome to Raccoon City,0.0009963032903091864
Last Man Down,0.0009149130832570907
American Siege,0.0005868526448795008
Uncharted,0.0009149130832570907
Demon Slayer -Kimetsu no Yaiba- The Movie: Mugen Train,0.00013723696248856362
Ghostbusters: Afterlife,0.0016021216380158944
The 355,0.00013723696248856362
Shang-Chi and the Legend of the Ten Rings,0.00013723696248856362
Marry Me,0.00013723696248856362
The Hunting,0.0007180282449720684
West Side Story,0.00013723696248856362
Through My Window,0.00013723696248856362
The Seven Deadly Sins: Cursed by Light,0.00013723696248856362
One Shot,0.002363606023345011
Tom and Jerry: Cowboy Up!,0.0013227548724863841
Chernobyl: Abyss,0.00013723696248856362
Desperate Riders,0.00013723696248856362
Clifford the Big Red Dog,0.0009149130832570907
Tyler Perry's A Madea Homecoming,0.00013723696248856362
The Boss Baby: Family Business,0.0009149130832570907
Turning Red,0.0012471049321984313
Brazen,0.0009149130832570907
The House,0.00013723696248856362
Blacklight,0.00013723696248856362
Ron's Gone Wrong,0.00013723696248856362
Free Guy,0.002279454607615831
Cruella,0.00013723696248856362
The Suicide Squad,0.00013723696248856362
The Simpsons in Plusaversary,0.00228455599493229
Forgive Us Our Trespasses,0.00013723696248856362
Luca,0.0009149130832570907
Mortal Kombat,0.00013723696248856362
Zack Snyder's Justice League,0.0015489706153595376
Mother/Android,0.00013723696248856362
Exploits of a Young Don Juan,0.00013723696248856362
Dune,0.0009149130832570907
The Last Warrior: Root of Evil,0.00013723696248856362
The Privilege,0.0013607296948732262
Queen of Spades,0.00013723696248856362
Antlers,0.001479780405294091
Dangerous,0.00013723696248856362
After We Fell,0.001669129905663578
No Time to Die,0.00013723696248856362
Sooryavanshi,0.00013723696248856362
Finch,0.0008000690501222423
Two,0.00013723696248856362
PAW Patrol: The Movie,0.00013723696248856362
Avengers: Infinity War,0.0009149130832570907
Batman,0.0007763007175859925
Black Widow,0.00013723696248856362
The Wonderful Winter of Mickey Mouse,0.0012084297708251635
F9,0.0016610078601438185
Moonfall,0.0007357459541500143
"Sex, Shame and Tears 2",0.00013723696248856362
Diary of a Wimpy Kid,0.00013723696248856362
AI Love You,0.00013723696248856362
Sonic the Hedgehog 2,0.0009149130832570907
Erax,0.00013723696248856362
Deathstroke: Knights & Dragons - The Movie,0.00013723696248856362
The Last Duel,0.00013723696248856362
The Pirates: The Last Royal Treasure,0.0008033419318557021
Paranormal Activity: Next of Kin,0.000900227219923071
House of Gucci,0.00013723696248856362
Dark Spell,0.00013723696248856362
Jungle Cruise,0.00013723696248856362
Godzilla vs. Kong,0.0011977654752041338
The Amazing Spider-Man,0.0014947633460484764
Heart Shot,0.00013723696248856362
Avatar,0.0013352842232880876
Mobile Suit Gundam Hathaway,0.00013723696248856362
Army of Thieves,0.0008547933401332696
UFO,0.00013723696248856362
The Weekend Away,0.00013723696248856362
The Croods: A New Age,0.00013723696248856362
Back to the Outback,0.00013723696248856362
The Tomorrow War,0.0006320606913100472
Home Team,0.0009149130832570907
The Fallout,0.00013723696248856362
Raya and the Last Dragon,0.0023703938234805404
Infinite,0.00053760682979116
Wrath of Man,0.00013723696248856362
Fortress,0.00013723696248856362
Space Jam: A New Legacy,0.0009149130832570907
Laura y el misterio del asesino inesperado,0.00013723696248856362
The Conjuring: The Devil Made Me Do It,0.0013756810155751084
Batman Begins,0.0012117177103520814
The Royal Treatment,0.00013723696248856362
Ciao Alberto,0.0009149130832570907
Gone Mom: The Disappearance of Jennifer Dulos,0.0009149130832570907
Ripper Untold,0.00013723696248856362
Meander,0.00013723696248856362
Zeros and Ones,0.00013723696248856362
Snake Eyes: G.I. Joe Origins,0.00013723696248856362
Survive the Game,0.00013723696248856362
Riverdance: The Animated Adventure,0.00013723696248856362
Apex,0.000929024040909747
The Tinder Swindler,0.00013723696248856362
Love Tactics,0.0018215661103647756
The Addams Family 2,0.00013723696248856362
Dynasty Warriors,0.00013723696248856362
Miraculous World: Shanghai – The Legend of Ladydragon,0.0009149130832570907
"Miraculous World: New York, United HeroeZ",0.0009149130832570907
Surviving Paradise: A Family Tale,0.0005848460958930623
My Hero Academia: Heroes Rising,0.0013352842232880874
Amina,0.0010095508725086089
Encounter,0.0008929663987326416
Son,0.0028944326394917813
Wonder Woman 1984,0.00013723696248856362
The Amazing Spider-Man 2,0.001669895752565321
The Whole Truth,0.00013723696248856362
Catwoman: Hunted,0.0005006832625392152
Hacksaw Ridge,0.0013352842232880878
Crazy Fist,0.0009149130832570907
Harry Potter and the Philosopher's Stone,0.0008077767103475315
The Avengers,0.0003321205783347479
Dragon Fury,0.0009855568775410414
Tarumama,0.00013723696248856362
Doctor Strange,0.00013723696248856362
Halloween Kills,0.00013723696248856362
The Exorcism of God,0.00013723696248856362
Spider-Man: Far From Home,0.0011819585553072196
Harry Potter 20th Anniversary: Return to Hogwarts,0.00013723696248856362
After We Collided,0.0014895727879171382
The Desperate Hour,0.0010020520287607354
Dragon Ball Z: Resurrection 'F',0.0012811653608067737
Seal Team,0.0004042849829380954
Knowing,0.00013723696248856362
Witch Hunt,0.00013723696248856362
The Maze Runner,0.0014474565179408525
The Unholy,0.00013723696248856362
Ashfall,0.0006093859763609431
The Sky Is Everywhere,0.00013723696248856362
Time Is Up,0.00013723696248856362
The Deep House,0.001293374313768493
Boruto: Naruto the Movie,0.001107451471984642
Harry Potter and the Chamber of Secrets,0.0013272857549069934
Sonic the Hedgehog,0.0009149130832570907
Coco,0.00013723696248856362
Ava,0.0015453685073604302
Fury,0.00013723696248856362
Don't Breathe 2,0.0014250934557034252
Matando Cabos 2: La Máscara del Máscara,0.00013723696248856362
Monster Hunter,0.00013723696248856362
The Last: Naruto the Movie,0.00013723696248856362
Spider-Man: Homecoming,0.0014614730176153918
Bigbug,0.00013723696248856362
Spider-Man,0.0012411242318151887
Avengers: Endgame,0.0009149130832570907
Old,0.00013723696248856362
Real Steel,0.00013723696248856362
Love and Leashes,0.00013723696248856362
After,0.0009940445471821897
The Forever Purge,0.00013723696248856362
Tall Girl 2,0.0009149130832570907
Dog,0.0009149130832570907
I Am Legend,0.00013723696248856362
Naruto Shippuden the Movie,0.00013723696248856362
Tom & Jerry,0.0009470686541501769
Against the Ice,0.0005099546002724054
An Egg Rescue,0.00013723696248856362
Harry Potter and the Goblet of Fire,0.0009487016478232459
Pretty Guardian Sailor Moon Eternal The Movie Part 2,0.0009181858455898962
Demonic,0.0009611475646231597
Far From the Tree,0.00013723696248856362
Black Water: Abyss,0.0013352842232880876
"Yes, No, or Maybe Half?",0.00013723696248856362
The SpongeBob Movie: Sponge on the Run,0.0009149130832570907
Spider-Man: Into the Spider-Verse,0.0010649085259927813
Harry Potter and the Prisoner of Azkaban,0.0006798398129542022
The Vault,0.00013723696248856362
The Adam Project,0.00013723696248856362
Deadpool,0.0009092142132010948
The Harder They Fall,0.00013723696248856362
"Monsters, Inc.",0.001152823656099777
Ainbo: Spirit of the Amazon,0.00013723696248856362
Don't Look Up,0.0009149130832570907
Cars 3,0.0006794480712759058
Spider-Man 3,0.0013056625236791428
Last Shoot Out,0.00013723696248856362
Sator,0.00013723696248856362
Iron Man 2,0.0005865142365384428
Soul,0.0009149130832570907
Pirates of the Caribbean: On Stranger Tides,0.0010087099514850455
Phobias,0.00013723696248856362
A Quiet Place Part II,0.0009594030466246238
What the Peeper Saw,0.0009149130832570907
Fast & Furious 10,0.00013723696248856362
The Dark Knight Rises,0.0010412182789525787
Trolls Holiday in Harmony,0.0011591686001390133
Batman v Superman: Dawn of Justice,0.00013723696248856362
Motherly,0.00013723696248856362
Nobody,0.00013723696248856362
My Hero Academia: Two Heroes,0.0003003802005670528
Harry Potter and the Half-Blood Prince,0.0008540995061737068
Book of Love,0.00013723696248856362
Jurassic Hunt,0.0006195530478548788
American Underdog,0.0009149130832570907
The Dark Knight,0.0011498815791456507
Jujutsu Kaisen 0,0.00013723696248856362
Three Steps Above Heaven,0.0008452875734792124
Sinkhole,0.00013723696248856362
Undisputed III: Redemption,0.0009149130832570907
Toy Story,0.0011641649856237236
Roald Dahl's The Witches,0.00013723696248856362
El Paseo 6,0.00013723696248856362
Separation,0.0010886848360484572
Dragon Ball Super: Super Hero,0.0009480142576649125
After Ever Happy,0.000646625081665021
Brothers,0.0013352842232880878
Shrek,0.0007705361901127984
Jackass Forever,0.0009149130832570907
Big Hero 6,0.00013723696248856362
Monster Pets: A Hotel Transylvania Short,0.0011511011640208677
Off Course,0.00013723696248856362
The Hobbit: The Battle of the Five Armies,0.0009328571195520007
Major Grom: Plague Doctor,0.00013723696248856362
Monster Family 2,0.0013654096736874367
Gunpowder Milkshake,0.0011376669997575915
Beautiful Sisters: Flesh Slave,0.00013723696248856362
Narco Sub,0.000251299746755808
Harry Potter and the Order of the Phoenix,0.0007559587570135186
Legend,0.00013723696248856362
Straight Outta Nowhere: Scooby-Doo! Meets Courage the Cowardly Dog,0.0010795634627668669
Descendants: The Royal Wedding,0.0007968393576138694
Frozen II,0.0011731315902570618
Swim,0.0002665464496309167
Mutation on Mars,0.00013723696248856362
Zone 414,0.0012331147583380523
Harry Potter and the Deathly Hallows: Part 2,0.0008453731369665292
Avengers: Age of Ultron,0.0005945560590566374
Thor: Ragnarok,0.0009406609187148595
It Chapter Two,0.0009149130832570907
The Lion King,0.0009149130832570907
King Richard,0.0007281653953182309
Last Night in Soho,0.00013723696248856362
Batman Returns,0.00041120028375884294
The Twilight Saga: Eclipse,0.0010431160495226366
Wild Indian,0.0003666498480475204
Project X,0.0031787765629240745
The Protégé,0.00013723696248856362
Ida Red,0.0007951917753940211
The Haunting of Helena,0.00013723696248856362
Vanguard,0.0006069039356225379
Pirates of the Caribbean: The Curse of the Black Pearl,0.000935447568973743
"The Simpsons: The Good, the Bart, and the Loki",0.0010417584823387653
The Marksman,0.00013723696248856362
Vicky and Her Mystery,0.0009149130832570907
KonoSuba: God's Blessing on this Wonderful World! Legend of Crimson,0.00013723696248856362
7 Prisoners,0.00013723696248856362
11M,0.00013723696248856362
Seobok: Project Clone,0.0007200281183907416
Shrek 2,0.0018668815563629255
Percy Jackson & the Olympians: The Lightning Thief,0.00013723696248856362
Your Name.,0.00013723696248856362
Chief Daddy 2: Going for Broke,0.00013723696248856362
Captain America: Civil War,0.00013723696248856362
Joker,0.0008338121814122973
Jack Reacher,0.0009149130832570907
The Invisible Thread,0.00013723696248856362
SAS: Red Notice,0.00013723696248856362
Mulan,0.0009149130832570907
I Want You Back,0.00016893254956223326
Pirates of the Caribbean: Dead Man's Chest,0.000800581729312484
Ninja Assassin,0.00013723696248856362
The Wolf of Wall Street,0.00013723696248856362
Hilda and the Mountain King,0.00013723696248856362
Rurouni Kenshin: The Beginning,0.0016798226350330867
Minnal Murali,0.0009149130832570907
Pokémon: Mewtwo Strikes Back - Evolution,0.0009837408572673744
Fate/Grand Order Final Singularity – Grand Temple of Time: Solomon,0.00020860576078983694
Teenage Mutant Ninja Turtles,0.0009149130832570907
Fifty Shades of Grey,0.0013255992185895152
Never Back Down: Revolt,0.00013723696248856362
Wish Dragon,0.00013723696248856362
Ice Age,0.0013246885580168713
Fast & Furious Presents: Hobbs & Shaw,0.00013723696248856362
Toy Story 2,0.0009344161192008607
Sweet Girl,0.0002945926941434256
The Stronghold,0.00013723696248856362
Spirit Untamed,0.001256928816378431
Tom Clancy's Without Remorse,0.0013288652901578333
Harry Potter and the Deathly Hallows: Part 1,0.0011002693398709993
Injustice,0.0008019998277589439
Nobody Sleeps in the Woods Tonight 2,0.00013723696248856362
American Badger,0.001123684923924218
Evangelion: 3.0+1.0 Thrice Upon a Time,0.00013723696248856362
LOL Surprise: The Movie,0.0009149130832570907
Coraline,0.00013723696248856362
How I Became a Superhero,0.00013723696248856362
The Bad Guys,0.0009206119533130867
Venom,0.0005692814085430503
The Last Mercenary,0.0005620273209693788
Cars 2,0.001146756829080626
Downfall: The Case Against Boeing,0.00013723696248856362
Ratatouille,0.00013723696248856362
Mickey and Minnie Wish Upon a Christmas,0.0009149130832570907
Dragon Ball Z: Broly – The Legendary Super Saiyan,0.0016481544952691664
Doctor Strange in the Multiverse of Madness,0.0009149130832570907
Death on the Nile,0.00013723696248856362
Army of the Dead,0.0012129031574681492
Home Sweet Home Alone,0.0014527471776861684
Carriers,0.00013723696248856362
Boyka: Undisputed IV,0.0009149130832570907
2012,0.0008478170510187639
Why Women Cheat,0.00013723696248856362
Sing,0.0009149130832570907
Green Lantern,0.00013723696248856362
Peninsula,0.001335284223288088
Ted 2,0.0009149130832570907
High School Teacher: Maturing,0.0005641674530039724
Wonder Woman,0.0016810505074270597
A Day to Die,0.0009149130832570907
Cosmic Sin,0.00013723696248856362
Pirates of the Caribbean: At World's End,0.00013723696248856362
Legion,0.00013723696248856362
Rascal Does Not Dream of a Dreaming Girl,0.0011314064566871028
Peter Rabbit 2: The Runaway,0.00048709651554154176
Dragon Ball Z: Battle of Gods,0.0006998529263479256
My Little Pony: A New Generation,0.00013723696248856362
Redemption Day,0.00013723696248856362
Journey 2: The Mysterious Island,0.000650343583842639
Love & Other Drugs,0.00013723696248856362
The King's Daughter,0.00013723696248856362
Deadpool 2,0.0013604781082458483
The Fate of the Furious,0.00013723696248856362
Hancock,0.00013723696248856362
The Hunger Games: Mockingjay - Part 1,0.0012967038563085566
Dragon Ball Z: Broly – Second Coming,0.0012211328724676574
The Conjuring,0.001294689114322344
Sweet & Sour,0.00013723696248856362
The Belly of the Sea,0.00013723696248856362
Grisaia: Phantom Trigger The Animation,0.00013723696248856362
Fantastic Beasts and Where to Find Them,0.0006473827260647244
World War Z,0.0002808555511546433
"Barbie: Big City, Big Dreams",0.0011614823326236746
Teen Titans Go! See Space Jam,0.0009149130832570907
Jolt,0.00013723696248856362
Once Upon a Snowman,0.0006137995938736997
Outlaws,0.00013723696248856362
Mortal Kombat Legends: Battle of the Realms,0.00013723696248856362
Rogue Hostage,0.00013723696248856362
Fifty Shades Freed,0.0008601388898075992
Jiu Jitsu,0.001386058707517197
Crank: High Voltage,0.00013723696248856362
The Lord of the Rings: The Fellowship of the Ring,0.0009809792867735095
Thor,0.0009135212101475752
Sex and the City,0.00046934805826833327
Masquerade,0.0009083038410319037
The Little Mermaid,0.00013723696248856362
More the Merrier,0.0009149130832570907
The Exorcism of Carmen Farias,0.0002953772942993129
Train to Busan,0.00013723696248856362
Frozen,0.0008405710905606603
Naruto Shippuden the Movie: Road to Ninja,0.0006421089134501531
Inception,0.00013723696248856362
Girl in the Basement,0.00013723696248856362
The Proposal,0.00013723696248856362
Goblin Slayer: Goblin's Crown,0.00013723696248856362
Cinderella,0.0014473284581173924
El amarre,0.00013723696248856362
The Hangover,0.00013723696248856362
Charlie and the Chocolate Factory,0.00013723696248856362
Jurassic World: Fallen Kingdom,0.0012936601581238062
John Wick: Chapter 2,0.0012950089984893607
Mamá o papá,0.00013723696248856362
Toy Story 4,0.0006549442024692711
Twilight,0.0009753567570643389
Kingsman: The Secret Service,0.00013723696248856362
The Unforgivable,0.0008865583518783112
Pacific Rim,0.000857844805602548
PAW Patrol: Jet To The Rescue,0.00013723696248856362
Titanic,0.00013723696248856362
The Hobbit: An Unexpected Journey,0.0010620154539152141
The Conjuring 2,0.0010669814186680725
Four to Dinner,0.00013723696248856362
Jack Reacher: Never Go Back,0.0009149130832570907
Jurassic World Dominion,0.0012904401520497447
Bordertown: The Mural Murders,0.00013723696248856362
The Misfits,0.00013723696248856362
Awake,0.00013723696248856362
Dhamaka,0.00013723696248856362
Fight Club,0.00013723696248856362
Malignant,0.0004833239380779456
The Karate Kid,0.0007412489937277573
Morbius,0.00013723696248856362
¡Qué Despadre!,0.0005324220432602078
Wrong Turn,0.0006824463335304031
The Flash,0.001390340871853068
Black Panther,0.00013723696248856362
A Silent Voice: The Movie,0.00013723696248856362
Finding Nemo,0.00013723696248856362
Taken 3,0.0009149130832570907
The Lord of the Rings: The Return of the King,0.000699215786271364
The Texas Chainsaw Massacre,0.0004087762458827567
Vivo,0.0009525488918663708
Batman: Death in the Family,0.0009149130832570907
Weathering with You,0.00013723696248856362
The Incredibles,0.0006648005574020083
Coming 2 America,0.00013723696248856362
Spoiled Brats,0.00013723696248856362
Iron Man,0.0005222670719476526
Plan A,0.0008609516569276707
Escape Room: Tournament of Champions,0.00013723696248856362
Batman & Robin,0.00019074635385651835
Abraham Lincoln: Vampire Hunter,0.00013723696248856362
Jurassic World,0.0013030314717633125
After Porn Ends 2,0.00013723696248856362
Rurouni Kenshin: The Final,0.0009003635412478199
Naruto Shippuden the Movie: Blood Prison,0.0004016509761723457
The Trip,0.0009149130832570907
Grown Ups,0.0009149130832570907
Dragon Ball Z: Bio-Broly,0.0008030072405530002
Pirates of the Caribbean: Dead Men Tell No Tales,0.00013723696248856362
Ice Age: Dawn of the Dinosaurs,0.0008178108734103722
The Penitent Thief,0.00013723696248856362
Pokémon the Movie: Secrets of the Jungle,0.0009171847406946169
Scooby-Doo,0.00034492054714413157
Tangled,0.00013723696248856362
Iron Man 3,0.00037183986130776665
The Last Airbender,0.00013723696248856362
Catch the Bullet,0.00013723696248856362
Jumanji: The Next Level,0.0015566795055483567
Fifty Shades Darker,0.001033094646151615
The Loud House Movie,0.00013723696248856362
The Secret to Be Told: Relationship With My Aunt,0.00013723696248856362
This Is Not a Comedy,0.00013723696248856362
Fear Street: 1994,0.0010964013378874022
Justice League,0.0010278263387552373
Incredibles 2,0.0009149130832570907
Ready Player One,0.0010337921466544448
Fantastic Beasts: The Secrets of Dumbledore,0.0010852280475764128
Snoopy Presents: For Auld Lang Syne,0.00013723696248856362
Scary Movie,0.00013723696248856362
No One Gets Out Alive,0.0018035357982056012
Interstellar,0.00013723696248856362
The Lego Batman Movie,0.00023547885258688587
Pokémon Detective Pikachu,0.0002613440054136453
Kate,0.00013723696248856362
"The Chronicles of Narnia: The Lion, the Witch and the Wardrobe",0.0009149130832570907
The Parent Trap,0.00013723696248856362
Beauty and the Beast,0.0009514633830530461
The Pilgrim's Progress,0.00013723696248856362
Thor: The Dark World,0.0008905571209088373
Dragon Ball GT: A Hero's Legacy,0.00034067400646581346
The Simpsons Movie,0.0009397937971915846
John Wick: Chapter 3 - Parabellum,0.001039456800068171
Logan,0.00013723696248856362
Transformers: Age of Extinction,0.0009149130832570907
Inside Out,0.00013723696248856362
Bad Boys for Life,0.0009149130832570907
Voyagers,0.00013723696248856362
Terminator Genisys,0.0009585541451890367
The Lord of the Rings: The Two Towers,0.0006773808176964954
Parasite,0.00040740299772244927
The Many Saints of Newark,0.00013723696248856362
Central Intelligence,0.0013859839902895807
Up,0.001438232306958289
Law Abiding Citizen,0.000174124570365897
The Expendables,0.0009149130832570907
Fear Street: 1978,0.0009149130832570907
Birds of Prey (and the Fantabulous Emancipation of One Harley Quinn),0.00023235608607107623
David and the Elves,0.0004742770821845448
Predators,0.0016122739840163187
Body Brokers,0.00013723696248856362
Skylines,0.0006296694349128148
Fresh,0.00013723696248856362
Porn to Be Free,0.00013723696248856362
Solitary,0.0007195600139017963
Spiral: From the Book of Saw,0.00013723696248856362
Kingsman: The Golden Circle,0.00013723696248856362
22 vs. Earth,0.0009149130832570907
Furious 7,0.001060699004994703
Guardians of the Galaxy Vol. 2,0.0005934412685573005
Toy Story 3,0.0009061270257345081
Caged,0.00013723696248856362
Honest Thief,0.00013723696248856362
Battle: Los Angeles,0.0005616379754644206
Ponyo,0.00013723696248856362
Spirited Away,0.0003694782566259164
Night in Paradise,0.00013723696248856362
Dragon Ball Z: Cooler's Revenge,0.0017776217508653914
No Manches Frida 2,0.0009149130832570907
Please Enlighten Me,0.0013352842232880878
Snow White and the Seven Dwarfs,0.00013723696248856362
Pokémon the Movie: I Choose You!,0.0008438136518092801
Captain Marvel,0.0003696521745264588
The Twilight Saga: Breaking Dawn - Part 2,0.00013723696248856362
Maleficent: Mistress of Evil,0.0005957313678658606
Grown Ups 2,0.00013723696248856362
The Town,0.00013723696248856362
Zootopia,0.00013723696248856362
Extinct,0.00013723696248856362
Zack and Miri Make a Porno,0.00013723696248856362
Fatherhood,0.00013723696248856362
Trigger Point,0.00013723696248856362
The Hobbit: The Desolation of Smaug,0.0011370300353339615
Ice Age: Continental Drift,0.0015901862464638222
Aquaslash,0.00013723696248856362
Man of Steel,0.0006203832216653813
Outside the Wire,0.00013723696248856362
The Texas Chainsaw Massacre: The Beginning,0.00013723696248856362
Munich: The Edge of War,0.00013723696248856362
Shrek the Third,0.0014464872699862124
Terminator Salvation,0.0009289359408489958
Call Me by Your Name,0.000308585125392867
We Can Be Heroes,0.00042564230919317665
Southpaw,0.00013723696248856362
Penguins of Madagascar,0.0009149130832570907
Red Shoes and the Seven Dwarfs,0.00040631095019962596
San Andreas,0.001163657470379083
John Carter,0.00013723696248856362
Spirit: Stallion of the Cimarron,0.00025753627417663126
American Pie Presents: The Book of Love,0.0013352842232880878
Dragon Ball Z: The Tree of Might,0.00013723696248856362
The Kissing Booth 3,0.0005689479764188708
The Courier,0.00013723696248856362
Given,0.00013723696248856362
The Twilight Saga: Breaking Dawn - Part 1,0.0007927012719839007
Into the Wind,0.00013723696248856362
Maleficent,0.0013554245381199941
Just Go with It,0.00013723696248856362
White Chicks,0.00013723696248856362
13 Hours: The Secret Soldiers of Benghazi,0.0006812896311649537
Sex Tape,0.0002240854804077894
Maze Runner: The Scorch Trials,0.00038236964857332897
Corpse Bride,0.00013723696248856362
Psycho-Pass 3: First Inspector,0.00013723696248856362
Palmer,0.0013580903788065523
Below Zero,0.00013723696248856362
Me Before You,0.0009344028900375872
Beckett,0.00013723696248856362
"Batman: The Long Halloween, Part Two",0.0012260332828994197
Ghost Rider: Spirit of Vengeance,0.0004659908966499398
Shazam!,0.00013723696248856362
I Want You,0.0013352842232880878
Clash of the Titans,0.0009149130832570907
Wrong Turn 3: Left for Dead,0.00189702429458792
X-Men: Apocalypse,0.0005637354115643994
Tenet,0.0003858012169872999
Cirque du Freak: The Vampire's Assistant,0.00013723696248856362
Grudge,0.0013352842232880878
Next-Door Nightmare,0.00013723696248856362
Trollhunters: Rise of the Titans,0.000584183551669135
Ice Age: The Meltdown,0.0010763889653638116
The Matrix,0.0007048551797138357
The Meg,0.0008570071992762584
Dragon Ball Z: Bojack Unbound,0.001066011480626748
Ralph Breaks the Internet,0.0009333963763336537
Cars,0.0012845844562865945
Hidden Figures,0.00013723696248856362
Ted,0.0009149130832570907
The 8th Night,0.00013723696248856362
Prince of Persia: The Sands of Time,0.0004504190083017179
Creed,0.0009149130832570907
Captain America: The First Avenger,0.0009149130832570907
Brave,0.00013723696248856362
Madagascar,0.0011749560217373786
Chaos Walking,0.0004206486548301548
Dragon Ball Z: Super Android 13!,0.0008676258933828763
Life in a Year,0.0020503076724200137
Wreck-It Ralph,0.00045871696434991597
Yu-Gi-Oh!: The Dark Side of Dimensions,0.00013723696248856362
Come Play With Me,0.00013723696248856362
Naruto Shippuden the Movie: The Lost Tower,0.0008954609618859394
Dawn of the Planet of the Apes,0.0013352842232880878
Need for Speed,0.00013723696248856362
Batman Tech,0.00013723696248856362
Public Enemies,0.00013723696248856362
In Time,0.0010117019704678344
Rock Dog 2: Rock Around the Park,0.00013723696248856362
Hotel Transylvania 3: Summer Vacation,0.001597994404653234
Dragon Ball Z: The Return of Cooler,0.0005656995263842022
Koati,0.0009149130832570907
No Manches Frida,0.0009149130832570907
The Nun,0.00013723696248856362
The Shack,0.00013723696248856362
A Forbidden Orange,0.00013723696248856362
"Batman: The Long Halloween, Part One",0.0011824457391297633
From Straight A's to XXX,0.00013723696248856362
Fall in Love at First Kiss,0.0007118053515268621
Taken 2,0.0009149130832570907
The Godfather,0.0009149130832570907
Dragon Ball Z: The World's Strongest,0.00013723696248856362
Maze Runner: The Death Cure,0.0009295989465911104
The Lion King II: Simba's Pride,0.0009149130832570907
Tarzan,0.00013723696248856362
Dragon Ball Z: Wrath of the Dragon,0.00027340275956987527
Aladdin,0.0009149130832570907
Whispering Corridors 6: The Humming,0.00013723696248856362
Fantastic Beasts: The Crimes of Grindelwald,0.0010121284761301353
Prometheus,0.0003176528046672935
Overcomer,0.0009149130832570907
Hellboy,0.000550592889846809
How to Train Your Dragon: The Hidden World,0.00043170077775515876
Hotel Transylvania,0.0003902466848459226
The Island of Giant Insects,0.00013723696248856362
Inglourious Basterds,0.0005447192061714848
Star Wars,0.0014389115475123197
The Passion of the Christ,0.00013723696248856362
Nightbooks,0.00013723696248856362
Sexo,0.00013723696248856362
Christmas ...Again?!,0.00013723696248856362
Monsters University,0.0016638674103414907
Transformers: The Last Knight,0.0009149130832570907
Rio,0.0009149130832570907
The Guest,0.00013723696248856362
G.I. Joe: The Rise of Cobra,0.00013723696248856362
Mad Max: Fury Road,0.00013723696248856362
The King of Fighters,0.00013723696248856362
Framed by My Husband,0.0009149130832570907
Pinocchio,0.00013723696248856362
Godzilla: King of the Monsters,0.00013723696248856362
A Bug's Life,0.00013723696248856362
Kung Fu Panda,0.0008956091477731454
The SpongeBob SquarePants Movie,0.0009149130832570907
The Hangover Part II,0.0009149130832570907
Garfield,0.00013723696248856362
He's All That,0.00013723696248856362
Tentacles,0.0012305186662384282
Uncharted: Live Action Fan Film,0.0009149130832570907
X-Men: Days of Future Past,0.0010940802123641665
Dragon Ball Super: Broly,0.001216153595884183
Howl's Moving Castle,0.00043927623058559494
Ice Age: Collision Course,0.00028202040741664915
Batman Forever,0.00030279458841741554
LEGO Star Wars Terrifying Tales,0.0006861264160662834
Shrek Forever After,0.000691678692570457
The Intouchables,0.00013723696248856362
The Shawshank Redemption,0.00013723696248856362
Alita: Battle Angel,0.00047043711002593534
Shaun the Sheep: The Flight Before Christmas,0.00013723696248856362
The Princess and the Frog,0.00013723696248856362
American Sniper,0.00013723696248856362
The Gentlemen,0.00013723696248856362
Looking Back at it All: The Dragon Ball Z Year-End Show!,0.0007909964281205483
Host,0.00013723696248856362
Space Sweepers,0.0006800747908802655
The Emperor's New Groove,0.00013723696248856362
Demon Slayer: Kimetsu no Yaiba Sibling's Bond,0.00013723696248856362
Still Out of My League,0.00013723696248856362
The French Dispatch,0.00013723696248856362
Wrong Turn 2: Dead End,0.0007257085277389452
Ant-Man and the Wasp,0.0009149130832570907
The Equalizer,0.0009149130832570907
Bartkowiak,0.0009149130832570907
Orphan,0.0012904151231707991
Dinosaur,0.00013723696248856362
Knock Knock,0.00013723696248856362
The Croods,0.00013723696248856362
Brother Bear,0.0009149130832570907
The Power of the Dog,0.00013723696248856362
We Bare Bears: The Movie,0.00013723696248856362
Baywatch,0.00013723696248856362
Creed II,0.0009149130832570907
Bad Trip,0.0009149130832570907
Texas Chainsaw 3D,0.00013723696248856362
Ant-Man,0.0009149130832570907
Greenland,0.00013723696248856362
Chappie,0.00013723696248856362
All the Bright Places,0.00013723696248856362
Hercules,0.00013723696248856362
Scary Movie 2,0.00013723696248856362
Pacific Rim: Uprising,0.00013723696248856362
Spencer,0.00013723696248856362
Scary Movie 5,0.00013723696248856362
La Llorona,0.00013723696248856362
Power Rangers,0.00013723696248856362
Night Teeth,0.00013723696248856362
Salt,0.00013723696248856362
Terminator: Dark Fate,0.0008572491637332384
Willy's Wonderland,0.00013723696248856362
How to Train Your Dragon 2,0.0010674106255564744
CODA,0.00013723696248856362
Despicable Me 2,0.0009149130832570907
Anonymously Yours,0.00013723696248856362
How to Train Your Dragon,0.0003517854011636049
Dragon Ball Z: Fusion Reborn,0.00026894196141783876
100% Wolf,0.00013723696248856362
Sex with Love,0.0009149130832570907
Ride Your Wave,0.00013723696248856362
Skyfall,0.00013723696248856362
Angels & Demons,0.00013723696248856362
Let's Be Cops,0.00014137727117654304
Conan the Barbarian,0.00013723696248856362
El mesero,0.00013723696248856362
Saint Seiya Heaven Chapter: Overture,0.0013352842232880878
Candyman,0.00013723696248856362
Stand by Me Doraemon,0.0007045998467693493
Aquaman,0.00013723696248856362
Warrior,0.00013723696248856362
Despicable Me,0.00013723696248856362
The Twilight Saga: New Moon,0.0008484782544574865
Machine Gun Preacher,0.0007344353418519091
In for a Murder,0.0006026749367098886
Altered Carbon: Resleeved,0.00013723696248856362
Porno,0.00013723696248856362
Lilo & Stitch,0.00013723696248856362
Exodus: Gods and Kings,0.00013723696248856362
The Experiment,0.00013723696248856362
Universal Soldier: Regeneration,0.00013723696248856362
There's Someone Inside Your House,0.0009215484415483726
Dragon Ball Z Special 9 - Future Trunks Special,0.00036403901264694385
The Green Mile,0.00013723696248856362
Dreamcatcher,0.00013723696248856362
The Remaining,0.00013723696248856362
American Reunion,0.0007287205658424807
17 Again,0.00035413910690199936
The Scientist,0.00013723696248856362
The Grinch,0.0011476213360337303
A Taste of Hunger,0.00013723696248856362
The Hangover Part III,0.0009149130832570907
Special Forces,0.00013723696248856362
August Never Ends,0.0006976496749563231
I Want to Eat Your Pancreas,0.0011373209885699013
Sentinelle,0.00020373303147229417
Naruto Shippuden the Movie: The Will of Fire,0.00013723696248856362
Escape the Undertaker,0.00013723696248856362
How the Grinch Stole Christmas,0.00026171791852227594
Star Wars: The Rise of Skywalker,0.0013352842232880878
Sucker Punch,0.00013723696248856362
Cell 211,0.0012234931534234226
Pixels,0.0015448639435592547
No Sudden Move,0.0002133233835056566
Bambi,0.0018991520689860511
Yes Man,0.00013723696248856362
Butchers,0.0003929128420149483
The Exorcist,0.0003311567289559533
The New Mutants,0.00013723696248856362
TEKKEN,0.00013723696248856362
Mickey's Tale of Two Witches,0.0009149130832570907
Euphoria,0.00013723696248856362
Dumbo,0.00013723696248856362
Werewolves Within,0.00013723696248856362
Wrath of the Titans,0.0009149130832570907
Unknown,0.0006019004217508226
Megalodon,0.0016622357022767218
The Texas Chain Saw Massacre,0.0006434037564395424
Batman: Hush,0.001072513625819821
Phineas and Ferb: The Movie: Candace Against the Universe,0.00013723696248856362
Alice in Wonderland,0.0007458306759681333
A Whisker Away,0.00013723696248856362
Lulli,0.00013723696248856362
The Secret Life of Pets 2,0.0009010951371359042
The Virtuoso,0.00021737791110127265
Assassins,0.00013723696248856362
Dragon Ball Z: Lord Slug,0.00013723696248856362
Uncle Drew,0.00038937853331609995
Fairy Tail: Dragon Cry,0.0009792888278206606
Dinosaur Hotel,0.0002532503915852743
Saving Private Ryan,0.00013723696248856362
Insurgent,0.00013723696248856362
No Strings Attached,0.00047808050772696293
The First Purge,0.00013723696248856362
xXx: Return of Xander Cage,0.00013723696248856362
Blended,0.0001472305801119376
Star Wars: The Force Awakens,0.0012603150250984664
Bloodthirsty,0.0006087433906603975
Suicide Squad,0.00013723696248856362
The Seventh Day,0.00013723696248856362
The Good Dinosaur,0.0009718619269308377
Saint Seiya: Legend of Sanctuary,0.0008305510468478189
Alone,0.00041968036727811696
America: The Motion Picture,0.00013723696248856362
Kong: Skull Island,0.00013723696248856362
Zombieland,0.00013723696248856362
Annabelle Comes Home,0.0006175924379160035
Jackie Chan Kung Fu Master,0.00013723696248856362
Thinking XXX,0.00013723696248856362
Attack on Titan,0.0008197250174934144
My Father's Violin,0.00013723696248856362
Millonario sin amor,0.00013723696248856362
TRON: Legacy,0.0006750196846312755
Godzilla,0.0006623674504477137
Men in Black 3,0.0005908486197534002
Descendants,0.0005261752405603969
Sleeping Beauty,0.00048472173183456677
Split,0.00013723696248856362
Vanquish,0.0009149130832570907
The Tax Collector,0.0007408951225684269
Dragon Ball Z: The Real 4-D at Super Tenkaichi Budokai,0.0007764523821172755
Hansel & Gretel: Witch Hunters,0.00013723696248856362
Kabaneri of the Iron Fortress: The Battle of Unato,0.00013723696248856362
New Gods: Nezha Reborn,0.00013723696248856362
The Hunger Games: Mockingjay - Part 2,0.0009496607244718733
Those Who Wish Me Dead,0.0004943045177208507
A Boy Called Christmas,0.00013723696248856362
One Hundred and One Dalmatians,0.00021518331259392804
Dragon Ball: Yo! Son Goku and His Friends Return!!,0.0004480827035289496
The Kissing Booth,0.0008446932567226838
Now You See Me,0.0009149130832570907
The Purge: Election Year,0.0009149130832570907
Long Story Short,0.0002969099879914387
Is It Wrong to Try to Pick Up Girls in a Dungeon?: Arrow of the Orion,0.0005789039796353659
A Haunted House,0.0009149130832570907
22 Bullets,0.00013723696248856362
101 Dalmatians,0.0009623138915460091
The Jungle Book,0.00013723696248856362
It,0.0009149130832570907
Trolls World Tour,0.0007007723462432228
The Lost City,0.00013723696248856362
Vacation Friends,0.0009149130832570907
Mission: Impossible - Ghost Protocol,0.0009149130832570907
The Little Things,0.00013723696248856362
Tokyo Ghoul,0.00013723696248856362
John Wick,0.0011078086233695574
Hotel Transylvania 2,0.00026926800560242464
Jumanji: Welcome to the Jungle,0.0003943869923000158
A Walk Among the Tombstones,0.000780843791389946
Underworld: Awakening,0.0009149130832570907
Young and Wild,0.00013723696248856362
Wild Card,0.0009357882083945127
Tune in for Love,0.00013723696248856362
The Sorcerer and the White Snake,0.00013723696248856362
The Funeral Home,0.00013723696248856362
Peter Pan,0.00025904315782636627
Star Wars: The Last Jedi,0.0007233286104169018
The Book of Life,0.0009149130832570907
Bumblebee,0.00013723696248856362
Maquia: When the Promised Flower Blooms,0.00013723696248856362
Benny Loves You,0.00013723696248856362
Licorice Pizza,0.00013723696248856362
The Larva Island Movie,0.00013723696248856362
Finding Grace,0.0005274568661229953
Batman: The Killing Joke,0.00016278731718971065
Countdown,0.001003590736322968
Don't Be a Menace to South Central While Drinking Your Juice in the Hood,0.00013723696248856362
Stay Out of the Attic,0.00013723696248856362
Alien: Covenant,0.00013723696248856362
Divergent,0.00013723696248856362
Geostorm,0.0013352842232880874
The Flu,0.00013723696248856362
Baba Yaga: Terror of the Dark Forest,0.00013723696248856362
Fifty Shades of Black,0.0004408195784796344
The Boy in the Striped Pyjamas,0.00013723696248856362
Miss Peregrine's Home for Peculiar Children,0.00013723696248856362
The King's Avatar: For the Glory,0.00013723696248856362
Black Island,0.0004349009749408944
Kung Fu Panda 3,0.00026713882820837606
"Tad, the Lost Explorer, and the Secret of King Midas",0.00013723696248856362
Monkey King: Hero Is Back,0.00013723696248856362
That's My Boy,0.0009149130832570907
Justice Society: World War II,0.0009149130832570907
The Fox and the Hound 2,0.00013723696248856362
WALL·E,0.0010566635101542682
Five Feet Apart,0.00013723696248856362
Baby Driver,0.00016881830637036386
Blitz,0.0014632909832336333
Saga of Tanya the Evil: The Movie,0.0005695111414157157
Descendants 3,0.0011448502796772403
Cherry,0.0009149130832570907
Hypnotic,0.00013723696248856362
I See You,0.00013723696248856362
The Tender Bar,0.00013723696248856362
The Chronicles of Narnia: Prince Caspian,0.0009149130832570907
Parallel Mothers,0.00013723696248856362
The Grey,0.00013723696248856362
Madagascar 3: Europe's Most Wanted,0.0008075402514699567
Rambo: Last Blood,0.00015729629891453095
The Mummy,0.00013723696248856362
Scoob!,0.0009149130832570907
The Incredible Hulk,0.0007682727379131242
Lucy,0.00013723696248856362
The Lost Daughter,0.0011420943453946588
Annabelle: Creation,0.0003038659515152925
War for the Planet of the Apes,0.0007470875760354715
Ferdinand,0.00013723696248856362
The Hitman's Bodyguard,0.00033303402632287537
Wrong Turn 5: Bloodlines,0.0008620913485315011
Knight and Day,0.00013723696248856362
Cheese in the Trap,0.00013723696248856362
The Matrix Revolutions,0.00050260726156085
Stan Helsing,0.00013723696248856362
White Snake,0.00013723696248856362
Skipping Stones,0.00013723696248856362
Wrong Turn 4: Bloody Beginnings,0.0004072949118966836
The Purge,0.00013723696248856362
Ghostbusters,0.00013723696248856362
Trinity Seven 2: Heaven's Library & Crimson Lord,0.00013723696248856362
Scream 4,0.0006883678181104197
Viking Quest,0.0005370312740334928
Jonah Hex,0.00013723696248856362
Robin Robin,0.00013723696248856362
Nobody Sleeps in the Woods Tonight,0.00043547260147474323
Drive,0.0007691271615194791
Spider-Man: Across the Spider-Verse (Part One),0.00027474399133914205
Blade Runner 2049,0.00013723696248856362
Superman: Doomsday,0.00013723696248856362
District 9,0.0010456880474320712
The Angry Birds Movie 2,0.00013723696248856362
A Nun's Curse,0.0005533466517989992
White House Down,0.0009149130832570907
Star Trek,0.00013723696248856362
Taken,0.0009149130832570907
Upside-Down Magic,0.00013723696248856362
Onward,0.0022619668631003237
The Predator,0.00013723696248856362
Miracles from Heaven,0.00013723696248856362
A Haunted House 2,0.0009149130832570907
The Martian,0.00013723696248856362
Despicable Me 3,0.0009149130832570907
Chicuarotes,0.00013723696248856362
I'm Not Ashamed,0.00032063154767246623
Django Unchained,0.00013723696248856362
The Ice Road,0.00013723696248856362
Season of the Witch,0.00013723696248856362
Olympus Has Fallen,0.0009149130832570907
Total Recall,0.00013723696248856362
Barbie as The Princess & the Pauper,0.00023321244868045195
Breach,0.00013723696248856362
Super 8,0.00013723696248856362
Thunder Force,0.0009149130832570907
God's Not Dead: A Light in Darkness,0.00013723696248856362
Single All the Way,0.00035738753246582753
An Interview with God,0.00016264931099162412
Fear of Rain,0.00013723696248856362
Child's Play,0.0002273607879851929
Rampage,0.00013723696248856362
Barbie & Chelsea: The Lost Birthday,0.00013723696248856362
The Matrix Reloaded,0.0008717565616894005
Fear Street: 1666,0.000926989206045975
The Mummy Returns,0.00013723696248856362
"Happy Halloween, Scooby-Doo!",0.0009149130832570907
Safer at Home,0.0006593986054722742
Dragon Ball Z: Bardock - The Father of Goku,0.0010047575427330911
Madagascar: Escape 2 Africa,0.0007622429765639367
Happy Feet,0.00013723696248856362
Resort to Love,0.00013723696248856362
Night at the Museum: Secret of the Tomb,0.0001443906368840732
Swan Song,0.00013723696248856362
Odd Thomas,0.00013723696248856362
"I Love You, Beth Cooper",0.0007317954916927628
Fat Ass Zombies,0.00013723696248856362
Joseph: King of Dreams,0.0006807344606407039
Glass,0.00013723696248856362
Superbad,0.0007270173371891899
Constantine,0.00013723696248856362
Cinderella II: Dreams Come True,0.00043529388081923527
Lolita,0.00013723696248856362
12 Rounds,0.00013723696248856362
Ghost Rider,0.0009763184324564421
Paul,0.00013723696248856362
The Equalizer 2,0.0009149130832570907
The Nightmare Before Christmas,0.00013723696248856362
How to Train Your Dragon: Homecoming,0.000935462904599445
Women,0.0012051235128418627
The Warrior's Way,0.0011350491131598345
Shadow in the Cloud,0.00013723696248856362
Pain & Gain,0.00013723696248856362
The Lion King 1½,0.00013723696248856362
Scooby-Doo! The Sword and the Scoob,0.0006079086131312027
The Expendables 2,0.00013723696248856362
Héctor El Father: Conocerás la verdad,0.00013723696248856362
A Quiet Place,0.0012308409188196794
Photocopier,0.0005141880296529747
Tom and Jerry: The Fast and the Furry,0.0011385290596359942
Deep Blue Sea 3,0.00013723696248856362
Bound by Honor,0.00013723696248856362
The Hunger Games: Catching Fire,0.0010711594641822366
Rambo,0.0001519129015077377
Apocalypto,0.00013723696248856362
Project Gemini,0.0009149130832570907
Red Dot,0.00018967558257872177
Bohemian Rhapsody,0.00013723696248856362
Ford v Ferrari,0.00013723696248856362
Sword Art Online: The Movie – Ordinal Scale,0.0006018430083149371
Desire,0.00013723696248856362
Rio 2,0.0009149130832570907
Rambo: First Blood Part II,0.0014470752931527513
Home Alone 2: Lost in New York,0.00013723696248856362
Kung Fu Panda 2,0.0017556553633190843
Bad Lieutenant: Port of Call - New Orleans,0.00013723696248856362
The Godfather: Part II,0.0009149130832570907
Perfume: The Story of a Murderer,0.00013723696248856362
Blood Red Sky,0.0005659080940773291
Gemini Man,0.00013723696248856362
Dead Like Me: Life After Death,0.0009149130832570907
Feels Like Euphoria,0.00013723696248856362
The Notebook,0.00013723696248856362
Cinderella III: A Twist in Time,0.0003549802488196147
Dragon Blade,0.00013723696248856362
The Voyeurs,0.0002531130676117643
Jupiter Ascending,0.0009149130832570907
A Journal for Jordan,0.0002797648952167713
Wild Child,0.00013723696248856362
Cowboys & Aliens,0.00013723696248856362
Ready or Not,0.00032502584207850084
El refugio,0.00013723696248856362
Hitman: Agent 47,0.0005001992513630733
Beverly Hills Chihuahua 3: Viva la Fiesta!,0.00013723696248856362
Annabelle,0.00013723696248856362
Sherlock Holmes: A Game of Shadows,0.00013723696248856362
American Pie 2,0.00013723696248856362
Mary Magdalene,0.00013723696248856362
The A-Team,0.00013723696248856362
The Great Wall,0.00013723696248856362
Godmothered,0.0007936167351385742
"Curious George: Go West, Go Wild",0.0009149130832570907
Titane,0.00013723696248856362
Robin Hood,0.00013723696248856362
Secret Society of Second Born Royals,0.00013723696248856362
Brothers by Blood,0.00037265520430211256
Kubo and the Two Strings,0.00013723696248856362
Troy,0.00013723696248856362
The Hunger Games,0.0003421282880656971
Hachi: A Dog's Tale,0.0012606616873313884
American Pie Presents: The Naked Mile,0.00013723696248856362
Annette,0.00013723696248856362
22 Jump Street,0.00013723696248856362
Crisis,0.00013723696248856362
Saw,0.000362257005566903
Secret of the Wings,0.00013723696248856362
The Day Naruto Became Hokage,0.0015278930927923734
American Pie,0.00013723696248856362
Scream 2,0.00014446704007712102
Independence Day: Resurgence,0.0006219068884687313
Sicario,0.00013723696248856362
The Purge: Anarchy,0.0009149130832570907
Chronicle,0.0004877200979389097
Insidious,0.00013723696248856362
The Ten Commandments,0.00013723696248856362
Skyline,0.0006066722846302631
The Heat,0.00013723696248856362
Cats & Dogs 3: Paws Unite,0.00013723696248856362
Bride of Chucky,0.00013723696248856362
Edge of Tomorrow,0.00013723696248856362
Avatar 2,0.00013723696248856362
The Expendables 3,0.0009149130832570907
Predestination,0.001018621222516918
Now You See Me 2,0.0009149130832570907
Jackass 3D,0.0009149130832570907
Don't Breathe,0.0009915006202121162
The Platform,0.00013723696248856362
Limitless,0.00013723696248856362
Forrest Gump,0.00013723696248856362
Chemical Hearts,0.0003074899032939567
Mortal Engines,0.0009294626252663615
Dark Phoenix,0.0008665823174022753
Barbie as Rapunzel,0.0006397294371132069
Barbie: Princess Adventure,0.0015752553534461196
Dragon Ball Z: The History of Trunks,0.0006489940227621777
Underworld: Blood Wars,0.0009149130832570907
Stuart Little,0.0002387637859545609
Megamind,0.00013723696248856362
Solo: A Star Wars Story,0.00039091461900186297
The Banishing,0.00013723696248856362
Unbroken: Path to Redemption,0.00013723696248856362
Knives Out,0.00013723696248856362
Malena,0.00013723696248856362
Sanctum,0.00013723696248856362
Confessions of an Invisible Girl,0.0009149130832570907
The Rental,0.00013723696248856362
A Classic Horror Story,0.00013723696248856362
"I, Robot",0.00013723696248856362
Scarface,0.0009149130832570907
Shanghai Fortress,0.00015000353148109493
The Mad Hatter,0.00013723696248856362
The Devil Wears Prada,0.00013723696248856362
Aftermath,0.0009568229927766861
Naruto Shippuden the Movie: Bonds,0.00013723696248856362
The Walking Dead,0.00014609482919908875
Dear Evan Hansen,0.00028054359014007186
Bolt,0.00013723696248856362
Mission: Impossible - Fallout,0.0009149130832570907
Under Wraps,0.00013723696248856362
Fireworks,0.00013723696248856362
Hummingbird,0.000270791259598266
HK: Hentai Kamen 2 - Abnormal Crisis,0.00013723696248856362
Rumble,0.000446377744000152
"Batman: The Dark Knight Returns, Part 1",0.0008998579984261942
